{"cameraMode":{"drawMode":0,"name":"Shaded","section":"Shading Mode"},"sceneLighting":true,"audioPlay":false,"sceneViewState":{"m_AlwaysRefresh":false,"showFog":true,"showSkybox":true,"showFlares":true,"showImageEffects":true,"showParticleSystems":true,"showVisualEffectGraphs":true,"m_FxEnabled":true},"in2DMode":false,"pivot":{"x":12.511313438415528,"y":378.3950500488281,"z":-111.6278305053711},"rotation":{"x":0.09595206379890442,"y":-0.06834466010332108,"z":0.006496743764728308,"w":0.9931305646896362},"size":15.72518253326416,"orthographic":false}